{
  "best_global_step": null,
  "best_metric": null,
  "best_model_checkpoint": null,
  "epoch": 1.0,
  "eval_steps": 500,
  "global_step": 250,
  "is_hyper_param_search": false,
  "is_local_process_zero": true,
  "is_world_process_zero": true,
  "log_history": [
    {
      "epoch": 0.04,
      "grad_norm": 1.0463998317718506,
      "learning_rate": 0.0001976,
      "loss": 2.8092,
      "step": 10
    },
    {
      "epoch": 0.08,
      "grad_norm": 1.4937596321105957,
      "learning_rate": 0.00019493333333333335,
      "loss": 2.1488,
      "step": 20
    },
    {
      "epoch": 0.12,
      "grad_norm": 1.180975317955017,
      "learning_rate": 0.0001922666666666667,
      "loss": 1.5876,
      "step": 30
    },
    {
      "epoch": 0.16,
      "grad_norm": 1.1952533721923828,
      "learning_rate": 0.0001896,
      "loss": 1.1875,
      "step": 40
    },
    {
      "epoch": 0.2,
      "grad_norm": 1.556077241897583,
      "learning_rate": 0.00018693333333333334,
      "loss": 1.0453,
      "step": 50
    },
    {
      "epoch": 0.24,
      "grad_norm": 1.3872652053833008,
      "learning_rate": 0.00018426666666666668,
      "loss": 0.7844,
      "step": 60
    },
    {
      "epoch": 0.28,
      "grad_norm": 1.7230174541473389,
      "learning_rate": 0.00018160000000000002,
      "loss": 0.7779,
      "step": 70
    },
    {
      "epoch": 0.32,
      "grad_norm": 1.097349762916565,
      "learning_rate": 0.00017893333333333336,
      "loss": 0.785,
      "step": 80
    },
    {
      "epoch": 0.36,
      "grad_norm": 1.316495418548584,
      "learning_rate": 0.00017626666666666668,
      "loss": 0.7525,
      "step": 90
    },
    {
      "epoch": 0.4,
      "grad_norm": 1.261377215385437,
      "learning_rate": 0.00017360000000000002,
      "loss": 0.855,
      "step": 100
    },
    {
      "epoch": 0.44,
      "grad_norm": 2.081845760345459,
      "learning_rate": 0.00017093333333333333,
      "loss": 0.6039,
      "step": 110
    },
    {
      "epoch": 0.48,
      "grad_norm": 1.6675100326538086,
      "learning_rate": 0.00016826666666666667,
      "loss": 0.5274,
      "step": 120
    },
    {
      "epoch": 0.52,
      "grad_norm": 1.8633931875228882,
      "learning_rate": 0.0001656,
      "loss": 0.6112,
      "step": 130
    },
    {
      "epoch": 0.56,
      "grad_norm": 1.5196442604064941,
      "learning_rate": 0.00016293333333333333,
      "loss": 0.7593,
      "step": 140
    },
    {
      "epoch": 0.6,
      "grad_norm": 1.0562522411346436,
      "learning_rate": 0.00016026666666666667,
      "loss": 0.5915,
      "step": 150
    },
    {
      "epoch": 0.64,
      "grad_norm": 1.0984337329864502,
      "learning_rate": 0.0001576,
      "loss": 0.7159,
      "step": 160
    },
    {
      "epoch": 0.68,
      "grad_norm": 1.4056092500686646,
      "learning_rate": 0.00015493333333333332,
      "loss": 0.7485,
      "step": 170
    },
    {
      "epoch": 0.72,
      "grad_norm": 0.8745350241661072,
      "learning_rate": 0.00015226666666666666,
      "loss": 0.5161,
      "step": 180
    },
    {
      "epoch": 0.76,
      "grad_norm": 2.0971198081970215,
      "learning_rate": 0.0001496,
      "loss": 0.6053,
      "step": 190
    },
    {
      "epoch": 0.8,
      "grad_norm": 1.859802007675171,
      "learning_rate": 0.00014693333333333335,
      "loss": 0.6302,
      "step": 200
    },
    {
      "epoch": 0.84,
      "grad_norm": 1.6043012142181396,
      "learning_rate": 0.00014426666666666669,
      "loss": 0.6459,
      "step": 210
    },
    {
      "epoch": 0.88,
      "grad_norm": 2.7997946739196777,
      "learning_rate": 0.0001416,
      "loss": 0.5623,
      "step": 220
    },
    {
      "epoch": 0.92,
      "grad_norm": 1.6865057945251465,
      "learning_rate": 0.00013893333333333334,
      "loss": 0.6155,
      "step": 230
    },
    {
      "epoch": 0.96,
      "grad_norm": 1.6638835668563843,
      "learning_rate": 0.00013626666666666668,
      "loss": 0.5094,
      "step": 240
    },
    {
      "epoch": 1.0,
      "grad_norm": 1.8280572891235352,
      "learning_rate": 0.00013360000000000002,
      "loss": 0.7948,
      "step": 250
    }
  ],
  "logging_steps": 10,
  "max_steps": 750,
  "num_input_tokens_seen": 0,
  "num_train_epochs": 3,
  "save_steps": 500,
  "stateful_callbacks": {
    "TrainerControl": {
      "args": {
        "should_epoch_stop": false,
        "should_evaluate": false,
        "should_log": false,
        "should_save": true,
        "should_training_stop": false
      },
      "attributes": {}
    }
  },
  "total_flos": 242898124800000.0,
  "train_batch_size": 4,
  "trial_name": null,
  "trial_params": null
}
